{"cameraMode":{"drawMode":0,"name":"Shaded","section":"Shading Mode"},"sceneLighting":false,"audioPlay":false,"sceneViewState":{"showFog":true,"showMaterialUpdate":false,"showSkybox":true,"showFlares":true,"showImageEffects":true,"showParticleSystems":true},"in2DMode":false,"pivot":{"x":-545.5682373046875,"y":-27.133056640625,"z":-1137.82080078125},"rotation":{"x":-0.26174870133399966,"y":0.36385831236839297,"z":-0.10731716454029083,"w":-0.8874587416648865},"size":1739.596435546875,"orthographic":false}